{
    "content_scripts": [], 
    "description": "Extension description", 
    "creator": "Kango", 
    "framework_version": "1.8.0 3dc957b83b36", 
    "background_scripts": [
        "main.js"
    ], 
    "homepage_url": "http://www.wecitizens.be/", 
    "version": "0.9.0", 
    "framework_package_id": "dev", 
    "browser_button": {
        "caption": "WeCitizens", 
        "tooltipText": "WeCitizens", 
        "icon": "icons/icon128.png"
    }, 
    "id": "pphhgaocfppcogljngfojjpdnkflndcc", 
    "name": "WeCitizens"
}