{
    "content_scripts": [
        "main.js"
    ], 
    "browser_button": {
        "caption": "WeCitizens", 
        "tooltipText": "WeCitizens", 
        "popup": {
            "url": "popup.html", 
            "width": 600, 
            "height": 900
        }, 
        "icon": "icons/icon128.png"
    }, 
    "creator": "CodingNiggaz", 
    "description": "WeCitizens", 
    "framework_version": "1.8.0 3dc957b83b36", 
    "homepage_url": "http://WeCitizens.be/", 
    "version": "0.1", 
    "framework_package_id": "dev", 
    "id": "{d04473cf-d3a0-11e0-9b3e-14d64d08fdac}", 
    "name": "WeCitizens"
}